,Population,Median Age,unemployment_rate,employed
Population,1.0,-0.2913810922958708,0.9741365578405193,0.9992583751374201
Median Age,-0.2913810922958708,1.0,-0.5000000000000017,-0.25433003855799785
unemployment_rate,0.9741365578405193,-0.5000000000000017,1.0,0.9647133304917401
employed,0.9992583751374201,-0.25433003855799785,0.9647133304917401,1.0
